sample,chr_score,genome_score,karyotype,chr_minus_genome
S1,4.8727192301748525,4.871989802379877,disomic,0.0007294277949752015
S2,4.859607003074241,4.868133325868936,disomic,-0.008526322794694785
S3,4.835226045033028,4.883928499039391,disomic,-0.04870245400636275
S4,4.827771319788008,4.878855791359519,disomic,-0.05108447157151108
S5,4.883536959881892,4.8817880621817595,trisomic,0.0017488977001320904
S6,4.956251807476884,4.871517579058699,trisomic,0.08473422841818579
S7,4.877153244448575,4.868244420227966,trisomic,0.008908824220609013
S8,4.914308471017834,4.877023571370499,trisomic,0.037284899647334946
