,PC1,PC2,sample,karyotype
S1,-21.18745378909949,2.1745408876733343,S1,disomic
S2,-4.022071525507628,-9.359961389313778,S2,disomic
S3,20.757390238490217,17.18775645682164,S3,disomic
S4,-6.0242678083418655,10.744531958695308,S4,disomic
S5,-3.8880456681871975,-13.29816709995342,S5,trisomic
S6,-0.9711257056955966,14.201446526183524,S6,trisomic
S7,17.817457304250002,-18.486517200924617,S7,trisomic
S8,-2.4818830459084382,-3.163630139182059,S8,trisomic
